"model","runtime"
"DA_time",1.90799999807496
"KNN_time",0.901999995694496
"RF_time",159.67100000428
