"model","runtime"
"DA_time",1.44799999980023
"KNN_time",0.683999999659136
"RF_time",99.2260000000824
