"topic","DA_accuracy","KNN_accuracy","RF_accuracy"
"Filtered 20",0.966858457997699,0.745454545454545,0.998619102416571
