"topic","DA_accuracy","KNN_accuracy","RF_accuracy"
"Filtered 30",0.963176064441887,0.699194476409666,0.998158803222094
