"topic","DA_accuracy","KNN_accuracy","RF_accuracy"
"Filtered 50",0.96156501726122,0.917146144994246,0.99746835443038
