"model","runtime"
"DA_time",1.72999999998137
"KNN_time",1.31800000183284
"RF_time",158.791999998735
