"model","runtime"
"DA_time",2.74600000295322
"KNN_time",1.12299999978859
"RF_time",126.838999998057
