"topic","DA_accuracy","KNN_accuracy","RF_accuracy"
"Filtered 10",0.96662830840046,0.729804372842348,0.998849252013809
