"topic","DA_accuracy","KNN_accuracy","RF_accuracy"
"Filtered 40",0.965707710011507,0.887917146144994,0.997238204833142
